{
  "_fv": 69,
  "_type": "recipe",
  "definition": {
    "recipeType": "Crafting",
    "recipeRetstackSize": 1,
    "group": "bedrock_helmet",
    "cookingBookCategory": "MISC",
    "xpReward": 0.0,
    "cookingTime": 200,
    "craftingBookCategory": "EQUIPMENT",
    "recipeShapeless": false,
    "recipeSlots": [
      {
        "value": ""
      },
      {
        "value": ""
      },
      {
        "value": ""
      },
      {
        "value": "CUSTOM:Bedrockingot"
      },
      {
        "value": "CUSTOM:Bedrockingot"
      },
      {
        "value": "CUSTOM:Bedrockingot"
      },
      {
        "value": "CUSTOM:Bedrockingot"
      },
      {
        "value": ""
      },
      {
        "value": "CUSTOM:Bedrockingot"
      }
    ],
    "recipeReturnStack": {
      "value": "CUSTOM:Bedrockarmor.helmet"
    },
    "name": "bedrockhelmet",
    "namespace": "mod"
  }
}