{
  "_fv": 69,
  "_type": "tool",
  "definition": {
    "toolType": "Sword",
    "renderType": 0,
    "blockingRenderType": 0,
    "texture": "bedrock_sword",
    "customModelName": "Normal",
    "blockingModelName": "Normal blocking",
    "name": "Bedrock sword",
    "specialInformation": {
      "fixedValue": []
    },
    "creativeTabs": [
      {
        "value": "COMBAT"
      }
    ],
    "efficiency": 4.0,
    "attackSpeed": 1.4,
    "enchantability": 18,
    "damageVsEntity": 12.0,
    "usageCount": 1563,
    "glowCondition": {
      "fixedValue": false
    },
    "repairItems": [
      {
        "value": "CUSTOM:Bedrockingot"
      }
    ],
    "immuneToFire": false,
    "blockDropsTier": "NETHERITE",
    "blocksAffected": [],
    "stayInGridWhenCrafting": false,
    "damageOnCrafting": false
  }
}