{
  "_fv": 69,
  "_type": "villagertrade",
  "definition": {
    "tradeEntries": [
      {
        "villagerProfession": {
          "value": "CUSTOM:Collector"
        },
        "entries": [
          {
            "price1": {
              "value": "Items.EMERALD"
            },
            "countPrice1": 3,
            "price2": {
              "value": ""
            },
            "countPrice2": 1,
            "offer": {
              "value": "Items.ECHO_SHARD"
            },
            "countOffer": 1,
            "level": 1,
            "maxTrades": 8,
            "xp": 4,
            "priceMultiplier": 0.09999999999999999
          },
          {
            "price1": {
              "value": "Items.EMERALD"
            },
            "countPrice1": 2,
            "price2": {
              "value": ""
            },
            "countPrice2": 1,
            "offer": {
              "value": "Blocks.GILDED_BLACKSTONE"
            },
            "countOffer": 1,
            "level": 1,
            "maxTrades": 6,
            "xp": 3,
            "priceMultiplier": 0.05
          },
          {
            "price1": {
              "value": "Items.EMERALD"
            },
            "countPrice1": 7,
            "price2": {
              "value": ""
            },
            "countPrice2": 1,
            "offer": {
              "value": "Items.IRON_HORSE_ARMOR"
            },
            "countOffer": 1,
            "level": 2,
            "maxTrades": 4,
            "xp": 6,
            "priceMultiplier": 0.06999999999999999
          },
          {
            "price1": {
              "value": "Items.EMERALD"
            },
            "countPrice1": 4,
            "price2": {
              "value": ""
            },
            "countPrice2": 1,
            "offer": {
              "value": "Items.PIGLIN_BANNER_PATTERN"
            },
            "countOffer": 1,
            "level": 2,
            "maxTrades": 12,
            "xp": 5,
            "priceMultiplier": 0.05
          },
          {
            "price1": {
              "value": "Items.EMERALD"
            },
            "countPrice1": 6,
            "price2": {
              "value": ""
            },
            "countPrice2": 1,
            "offer": {
              "value": "Items.GOLDEN_HORSE_ARMOR"
            },
            "countOffer": 1,
            "level": 3,
            "maxTrades": 3,
            "xp": 6,
            "priceMultiplier": 0.08
          },
          {
            "price1": {
              "value": "Items.EMERALD"
            },
            "countPrice1": 2,
            "price2": {
              "value": ""
            },
            "countPrice2": 1,
            "offer": {
              "value": "Items.ARCHER_POTTERY_SHERD"
            },
            "countOffer": 1,
            "level": 3,
            "maxTrades": 8,
            "xp": 4,
            "priceMultiplier": 0.05
          },
          {
            "price1": {
              "value": "Items.EMERALD"
            },
            "countPrice1": 2,
            "price2": {
              "value": ""
            },
            "countPrice2": 1,
            "offer": {
              "value": "Items.MINER_POTTERY_SHERD"
            },
            "countOffer": 1,
            "level": 3,
            "maxTrades": 8,
            "xp": 4,
            "priceMultiplier": 0.05
          },
          {
            "price1": {
              "value": "Items.EMERALD"
            },
            "countPrice1": 6,
            "price2": {
              "value": ""
            },
            "countPrice2": 1,
            "offer": {
              "value": "Blocks.SKULL#5"
            },
            "countOffer": 1,
            "level": 4,
            "maxTrades": 3,
            "xp": 7,
            "priceMultiplier": 0.15
          },
          {
            "price1": {
              "value": "Items.EMERALD"
            },
            "countPrice1": 9,
            "price2": {
              "value": ""
            },
            "countPrice2": 1,
            "offer": {
              "value": "Blocks.DRAGON_EGG"
            },
            "countOffer": 1,
            "level": 4,
            "maxTrades": 2,
            "xp": 8,
            "priceMultiplier": 0.19999999999999998
          },
          {
            "price1": {
              "value": "Items.EMERALD"
            },
            "countPrice1": 2,
            "price2": {
              "value": ""
            },
            "countPrice2": 1,
            "offer": {
              "value": "Items.HEARTBREAK_POTTERY_SHERD"
            },
            "countOffer": 1,
            "level": 4,
            "maxTrades": 8,
            "xp": 4,
            "priceMultiplier": 0.05
          },
          {
            "price1": {
              "value": "Items.EMERALD"
            },
            "countPrice1": 10,
            "price2": {
              "value": ""
            },
            "countPrice2": 1,
            "offer": {
              "value": "Items.DIAMOND_HORSE_ARMOR"
            },
            "countOffer": 1,
            "level": 5,
            "maxTrades": 2,
            "xp": 9,
            "priceMultiplier": 0.12000000000000001
          },
          {
            "price1": {
              "value": "Items.EMERALD"
            },
            "countPrice1": 8,
            "price2": {
              "value": ""
            },
            "countPrice2": 1,
            "offer": {
              "value": "Items.KNOWLEDGE_BOOK"
            },
            "countOffer": 1,
            "level": 5,
            "maxTrades": 4,
            "xp": 7,
            "priceMultiplier": 0.04
          }
        ]
      }
    ]
  }
}