{
  "_fv": 69,
  "_type": "tool",
  "definition": {
    "toolType": "Sword",
    "renderType": 0,
    "blockingRenderType": 0,
    "texture": "life_essence_reclaimer",
    "customModelName": "Normal",
    "blockingModelName": "Normal blocking",
    "name": "Life thief",
    "specialInformation": {
      "fixedValue": []
    },
    "creativeTabs": [
      {
        "value": "TOOLS"
      }
    ],
    "efficiency": 4.0,
    "attackSpeed": 1.2000000000000002,
    "enchantability": 18,
    "damageVsEntity": 6.0,
    "usageCount": 91,
    "glowCondition": {
      "fixedValue": false
    },
    "repairItems": [],
    "immuneToFire": false,
    "blockDropsTier": "IRON",
    "blocksAffected": [],
    "stayInGridWhenCrafting": false,
    "damageOnCrafting": false,
    "onEntityHitWith": {
      "name": "LifeessencereclaimerLivingEntityIsHitWithTool"
    }
  }
}