{
  "type": "minecraft:crafting_shapeless",
  "category": "misc",
  "ingredients": [
    {
      "item": "minecraft:cherry_planks"
    },
    {
      "item": "minecraft:warped_planks"
    },
    {
      "item": "minecraft:crimson_planks"
    },
    {
      "item": "minecraft:spruce_planks"
    },
    {
      "item": "minecraft:bamboo_planks"
    },
    {
      "item": "minecraft:dark_oak_planks"
    },
    {
      "item": "minecraft:mangrove_planks"
    },
    {
      "item": "minecraft:jungle_planks"
    },
    {
      "item": "minecraft:acacia_planks"
    }
  ],
  "result": {
    "id": "renewed_this:infinitychest",
    "count": 1
  }
}