{
  "display": {
    "icon": {
      "item": "ore_pack:piochetitanium"
    },
    "title": {
      "translate": "advancements.mineuragueri.title"
    },
    "description": {
      "translate": "advancements.mineuragueri.descr"
    },
    "frame": "goal",
    "show_toast": true,
    "announce_to_chat": true,
    "hidden": false
  },
  "criteria": {
    "mineuragueri": {
      "trigger": "minecraft:impossible"
    }
  },
  "rewards": {
    "experience": 10
  },
  "parent": "ore_pack:plastrontitaniumprog"
}