{
  "display": {
    "icon": {
      "item": "minecraft:clock"
    },
    "title": {
      "translate": "advancements.montreargentprog.title"
    },
    "description": {
      "translate": "advancements.montreargentprog.descr"
    },
    "frame": "task",
    "show_toast": true,
    "announce_to_chat": true,
    "hidden": false
  },
  "criteria": {
    "montreargentprog": {
      "trigger": "minecraft:inventory_changed",
      "conditions": {
        "items": [
          {
            "items": [
              "minecraft:clock"
            ],
            "count": {
              "min": 1,
              "max": 1000
            }
          }
        ]
      }
    }
  },
  "rewards": {
    "experience": 5
  },
  "parent": "ore_pack:combattantorange"
}