{
  "display": {
    "icon": {
      "item": "ore_pack:armuretitanium_chestplate"
    },
    "title": {
      "translate": "advancements.plastrontitaniumprog.title"
    },
    "description": {
      "translate": "advancements.plastrontitaniumprog.descr"
    },
    "frame": "task",
    "show_toast": true,
    "announce_to_chat": true,
    "hidden": false
  },
  "criteria": {
    "plastrontitaniumprog": {
      "trigger": "minecraft:impossible"
    }
  },
  "rewards": {
    "experience": 7
  },
  "parent": "ore_pack:montreargentprog"
}