{
  "_fv": 69,
  "_type": "achievement",
  "definition": {
    "achievementName": "Combattant orange",
    "achievementDescription": "Attaquer avec une épée en bronze",
    "achievementIcon": {
      "value": "CUSTOM:Epeebronze"
    },
    "background": "Default",
    "disableDisplay": false,
    "showPopup": true,
    "announceToChat": true,
    "hideIfNotCompleted": false,
    "rewardLoot": [],
    "rewardRecipes": [],
    "rewardFunction": "No function",
    "rewardXP": 4,
    "achievementType": "task",
    "parent": {
      "value": "CUSTOM:Boulerepprog"
    },
    "triggerxml": "<?xml version=\"1.0\" encoding=\"UTF-8\" standalone=\"no\"?><xml xmlns=\"https://developers.google.com/blockly/xml\"><block deletable=\"false\" type=\"advancement_trigger\" x=\"40\" y=\"80\"><next><block type=\"custom_trigger\" x=\"41\" y=\"50\"/></next></block></xml>"
  }
}