{
  "_fv": 69,
  "_type": "tool",
  "definition": {
    "toolType": "Hoe",
    "renderType": 0,
    "blockingRenderType": 0,
    "texture": "houx_lapis",
    "customModelName": "Normal",
    "blockingModelName": "Normal blocking",
    "name": "Houx de lapis-lazuli",
    "specialInformation": {
      "fixedValue": []
    },
    "creativeTabs": [
      {
        "value": "TOOLS"
      }
    ],
    "efficiency": 4.0,
    "attackSpeed": 1.0,
    "enchantability": 10,
    "damageVsEntity": 4.0,
    "usageCount": 200,
    "glowCondition": {
      "fixedValue": false
    },
    "repairItems": [
      {
        "value": "CUSTOM:Boulereparation"
      }
    ],
    "immuneToFire": false,
    "blockDropsTier": "STONE",
    "blocksAffected": [],
    "stayInGridWhenCrafting": false,
    "damageOnCrafting": false
  }
}