{
  "_fv": 69,
  "_type": "achievement",
  "definition": {
    "achievementName": "Mineur agueri",
    "achievementDescription": "Trouver 20 titanium",
    "achievementIcon": {
      "value": "CUSTOM:Piochetitanium"
    },
    "background": "Default",
    "disableDisplay": false,
    "showPopup": true,
    "announceToChat": true,
    "hideIfNotCompleted": false,
    "rewardLoot": [],
    "rewardRecipes": [],
    "rewardFunction": "No function",
    "rewardXP": 10,
    "achievementType": "goal",
    "parent": {
      "value": "CUSTOM:Plastrontitaniumprog"
    },
    "triggerxml": "<?xml version=\"1.0\" encoding=\"UTF-8\" standalone=\"no\"?><xml xmlns=\"https://developers.google.com/blockly/xml\"><block deletable=\"false\" type=\"advancement_trigger\" x=\"40\" y=\"80\"><next><block type=\"custom_trigger\" x=\"36\" y=\"45\"/></next></block></xml>"
  }
}