{
  "_fv": 69,
  "_type": "achievement",
  "definition": {
    "achievementName": "Bijoutier",
    "achievementDescription": "Faire une montre",
    "achievementIcon": {
      "value": "Items.CLOCK"
    },
    "background": "Default",
    "disableDisplay": false,
    "showPopup": true,
    "announceToChat": true,
    "hideIfNotCompleted": false,
    "rewardLoot": [],
    "rewardRecipes": [],
    "rewardFunction": "No function",
    "rewardXP": 5,
    "achievementType": "task",
    "parent": {
      "value": "CUSTOM:Combattantorange"
    },
    "triggerxml": "<?xml version=\"1.0\" encoding=\"UTF-8\" standalone=\"no\"?><xml xmlns=\"https://developers.google.com/blockly/xml\"><block deletable=\"false\" type=\"advancement_trigger\" x=\"40\" y=\"80\"><next><block type=\"item_in_inventory\" x=\"67\" y=\"43\"><value name=\"amount_l\"><block type=\"math_number\"><field name=\"NUM\">1</field></block></value><value name=\"amount_h\"><block type=\"math_number\"><field name=\"NUM\">1000</field></block></value><value name=\"item\"><block type=\"mcitem_all\"><field name=\"value\">Items.CLOCK</field></block></value></block></next></block></xml>"
  }
}