{
  "_fv": 69,
  "_type": "villagertrade",
  "definition": {
    "tradeEntries": [
      {
        "villagerProfession": {
          "value": "ARMORER"
        },
        "entries": [
          {
            "price1": {
              "value": "Items.EMERALD"
            },
            "countPrice1": 17,
            "price2": {
              "value": ""
            },
            "countPrice2": 1,
            "offer": {
              "value": "CUSTOM:Armuretitanium.body"
            },
            "countOffer": 1,
            "level": 5,
            "maxTrades": 10,
            "xp": 7,
            "priceMultiplier": 0.1
          },
          {
            "price1": {
              "value": "Items.EMERALD"
            },
            "countPrice1": 10,
            "price2": {
              "value": ""
            },
            "countPrice2": 1,
            "offer": {
              "value": "CUSTOM:Armuretitanium.helmet"
            },
            "countOffer": 1,
            "level": 3,
            "maxTrades": 10,
            "xp": 5,
            "priceMultiplier": 0.05
          },
          {
            "price1": {
              "value": "Items.EMERALD"
            },
            "countPrice1": 9,
            "price2": {
              "value": ""
            },
            "countPrice2": 1,
            "offer": {
              "value": "CUSTOM:Armuretitanium.boots"
            },
            "countOffer": 1,
            "level": 3,
            "maxTrades": 10,
            "xp": 5,
            "priceMultiplier": 0.05
          },
          {
            "price1": {
              "value": "Items.EMERALD"
            },
            "countPrice1": 14,
            "price2": {
              "value": ""
            },
            "countPrice2": 1,
            "offer": {
              "value": "CUSTOM:Armuretitanium.legs"
            },
            "countOffer": 1,
            "level": 4,
            "maxTrades": 10,
            "xp": 6,
            "priceMultiplier": 0.08
          },
          {
            "price1": {
              "value": "CUSTOM:Pepitetitanium"
            },
            "countPrice1": 2,
            "price2": {
              "value": ""
            },
            "countPrice2": 1,
            "offer": {
              "value": "Items.EMERALD"
            },
            "countOffer": 3,
            "level": 1,
            "maxTrades": 20,
            "xp": 2,
            "priceMultiplier": 0.02
          }
        ]
      },
      {
        "villagerProfession": {
          "value": "WEAPONSMITH"
        },
        "entries": [
          {
            "price1": {
              "value": "Items.EMERALD"
            },
            "countPrice1": 7,
            "price2": {
              "value": ""
            },
            "countPrice2": 1,
            "offer": {
              "value": "CUSTOM:Epeetitanium"
            },
            "countOffer": 1,
            "level": 4,
            "maxTrades": 10,
            "xp": 5,
            "priceMultiplier": 0.05
          },
          {
            "price1": {
              "value": "Items.EMERALD"
            },
            "countPrice1": 5,
            "price2": {
              "value": ""
            },
            "countPrice2": 1,
            "offer": {
              "value": "CUSTOM:Epeecuivre"
            },
            "countOffer": 1,
            "level": 2,
            "maxTrades": 10,
            "xp": 5,
            "priceMultiplier": 0.05
          },
          {
            "price1": {
              "value": "Items.EMERALD"
            },
            "countPrice1": 4,
            "price2": {
              "value": ""
            },
            "countPrice2": 1,
            "offer": {
              "value": "CUSTOM:Epeenickel"
            },
            "countOffer": 1,
            "level": 1,
            "maxTrades": 10,
            "xp": 5,
            "priceMultiplier": 0.05
          }
        ]
      },
      {
        "villagerProfession": {
          "value": "WANDERING_TRADER"
        },
        "entries": [
          {
            "price1": {
              "value": "Items.EMERALD"
            },
            "countPrice1": 3,
            "price2": {
              "value": ""
            },
            "countPrice2": 1,
            "offer": {
              "value": "CUSTOM:Pepitebronze"
            },
            "countOffer": 1,
            "level": 1,
            "maxTrades": 10,
            "xp": 5,
            "priceMultiplier": 0.05
          }
        ]
      },
      {
        "villagerProfession": {
          "value": "MASON"
        },
        "entries": [
          {
            "price1": {
              "value": "CUSTOM:Escaliermanganese"
            },
            "countPrice1": 1,
            "price2": {
              "value": ""
            },
            "countPrice2": 1,
            "offer": {
              "value": "Items.EMERALD"
            },
            "countOffer": 4,
            "level": 5,
            "maxTrades": 16,
            "xp": 7,
            "priceMultiplier": 0.049999999999999996
          },
          {
            "price1": {
              "value": "CUSTOM:Escaliernickel"
            },
            "countPrice1": 1,
            "price2": {
              "value": ""
            },
            "countPrice2": 1,
            "offer": {
              "value": "Items.EMERALD"
            },
            "countOffer": 7,
            "level": 3,
            "maxTrades": 12,
            "xp": 4,
            "priceMultiplier": 0.05
          },
          {
            "price1": {
              "value": "CUSTOM:Escalierargent"
            },
            "countPrice1": 1,
            "price2": {
              "value": ""
            },
            "countPrice2": 1,
            "offer": {
              "value": "Items.EMERALD"
            },
            "countOffer": 9,
            "level": 4,
            "maxTrades": 8,
            "xp": 6,
            "priceMultiplier": 0.05
          },
          {
            "price1": {
              "value": "CUSTOM:Escalierbronze"
            },
            "countPrice1": 1,
            "price2": {
              "value": ""
            },
            "countPrice2": 1,
            "offer": {
              "value": "Items.EMERALD"
            },
            "countOffer": 8,
            "level": 4,
            "maxTrades": 10,
            "xp": 5,
            "priceMultiplier": 0.05
          },
          {
            "price1": {
              "value": "CUSTOM:Escaliertitanium"
            },
            "countPrice1": 1,
            "price2": {
              "value": ""
            },
            "countPrice2": 1,
            "offer": {
              "value": "Items.EMERALD"
            },
            "countOffer": 10,
            "level": 1,
            "maxTrades": 10,
            "xp": 5,
            "priceMultiplier": 0.05
          }
        ]
      },
      {
        "villagerProfession": {
          "value": "CLERIC"
        },
        "entries": [
          {
            "price1": {
              "value": "Items.EMERALD"
            },
            "countPrice1": 2,
            "price2": {
              "value": ""
            },
            "countPrice2": 1,
            "offer": {
              "value": "CUSTOM:PepiteArgent"
            },
            "countOffer": 1,
            "level": 1,
            "maxTrades": 10,
            "xp": 5,
            "priceMultiplier": 0.05
          }
        ]
      }
    ]
  }
}