{
  "display": {
    "icon": {
      "item": "ore_pack:boulereparation"
    },
    "title": {
      "translate": "advancements.boulerepprog.title"
    },
    "description": {
      "translate": "advancements.boulerepprog.descr"
    },
    "frame": "task",
    "show_toast": true,
    "announce_to_chat": true,
    "hidden": false
  },
  "criteria": {
    "boulerepprog_0": {
      "trigger": "minecraft:inventory_changed",
      "conditions": {
        "items": [
          {
            "items": [
              "ore_pack:boulereparation"
            ],
            "count": {
              "min": 1,
              "max": 10000
            }
          }
        ]
      }
    }
  },
  "rewards": {
    "experience": 3
  },
  "parent": "ore_pack:blocmanganeseprog"
}