{
  "_fv": 73,
  "_type": "recipe",
  "definition": {
    "recipeType": "Crafting",
    "recipeRetstackSize": 1,
    "group": "bedrock_boots",
    "cookingBookCategory": "MISC",
    "xpReward": 0.0,
    "cookingTime": 200,
    "craftingBookCategory": "EQUIPMENT",
    "recipeShapeless": false,
    "recipeSlots": [
      {
        "value": "CUSTOM:Bedrockingot"
      },
      {
        "value": ""
      },
      {
        "value": "CUSTOM:Bedrockingot"
      },
      {
        "value": "CUSTOM:Bedrockingot"
      },
      {
        "value": ""
      },
      {
        "value": "CUSTOM:Bedrockingot"
      },
      {
        "value": ""
      },
      {
        "value": ""
      },
      {
        "value": ""
      }
    ],
    "recipeReturnStack": {
      "value": "CUSTOM:Bedrockarmor.boots"
    },
    "name": "bedrockboots",
    "namespace": "mod"
  }
}