{
  "_fv": 73,
  "_type": "tool",
  "definition": {
    "toolType": "Spade",
    "renderType": 0,
    "blockingRenderType": 0,
    "texture": "bedrock_shovel",
    "customModelName": "Normal",
    "blockingModelName": "Normal blocking",
    "name": "Bedrock shovel",
    "specialInformation": {
      "fixedValue": []
    },
    "creativeTabs": [
      {
        "value": "TOOLS"
      }
    ],
    "efficiency": 9.0,
    "attackSpeed": 1.0,
    "enchantability": 18,
    "damageVsEntity": 4.0,
    "usageCount": 1563,
    "glowCondition": {
      "fixedValue": false
    },
    "repairItems": [
      {
        "value": "CUSTOM:Bedrockingot"
      }
    ],
    "immuneToFire": false,
    "blockDropsTier": "NETHERITE",
    "blocksAffected": [],
    "stayInGridWhenCrafting": false,
    "damageOnCrafting": false,
    "onBlockDestroyedWithTool": {
      "name": "BedrockshovelBlockDestroyedWithTool"
    }
  }
}