{
  "_fv": 73,
  "_type": "recipe",
  "definition": {
    "recipeType": "Crafting",
    "recipeRetstackSize": 1,
    "group": "",
    "cookingBookCategory": "MISC",
    "xpReward": 0.0,
    "cookingTime": 200,
    "craftingBookCategory": "MISC",
    "recipeShapeless": true,
    "recipeSlots": [
      {
        "value": "Blocks.CHERRY_PLANKS"
      },
      {
        "value": "Blocks.WARPED_PLANKS"
      },
      {
        "value": "Blocks.CRIMSON_PLANKS"
      },
      {
        "value": "Blocks.PLANKS#1"
      },
      {
        "value": "Blocks.BAMBOO_PLANKS"
      },
      {
        "value": "Blocks.PLANKS#5"
      },
      {
        "value": "Blocks.MANGROVE_PLANKS"
      },
      {
        "value": "Blocks.PLANKS#3"
      },
      {
        "value": "Blocks.PLANKS#4"
      }
    ],
    "recipeReturnStack": {
      "value": "CUSTOM:Inifnitychest"
    },
    "name": "infinity_chest",
    "namespace": "mod"
  }
}