{
  "_fv": 66,
  "_type": "armor",
  "definition": {
    "enableHelmet": true,
    "textureHelmet": "casque_titan",
    "enableBody": true,
    "textureBody": "plastron_tiatn",
    "enableLeggings": true,
    "textureLeggings": "pantalon_titanium",
    "enableBoots": true,
    "textureBoots": "botte_titan",
    "onHelmetTick": {
      "name": "Titaniumarmortick"
    },
    "onBodyTick": {
      "name": "Titaniumarmortick"
    },
    "onLeggingsTick": {
      "name": "Titaniumarmortick"
    },
    "onBootsTick": {
      "name": "Titaniumarmortick"
    },
    "creativeTabs": [
      {
        "value": "COMBAT"
      }
    ],
    "armorTextureFile": "armure_titanium",
    "helmetName": "Casque de titanium",
    "bodyName": "Plastron de titanium",
    "leggingsName": "Pantalon de titanium",
    "bootsName": "Bottes de titanium",
    "helmetSpecialInformation": {
      "fixedValue": []
    },
    "bodySpecialInformation": {
      "fixedValue": []
    },
    "leggingsSpecialInformation": {
      "fixedValue": []
    },
    "bootsSpecialInformation": {
      "fixedValue": []
    },
    "helmetModelName": "Default",
    "helmetModelPart": "Helmet",
    "helmetModelTexture": "From armor",
    "bodyModelName": "Default",
    "bodyModelPart": "Body",
    "armsModelPartL": "Arms L",
    "armsModelPartR": "Arms R",
    "bodyModelTexture": "From armor",
    "leggingsModelName": "Default",
    "leggingsModelPartL": "Leggings L",
    "leggingsModelPartR": "Leggings R",
    "leggingsModelTexture": "From armor",
    "bootsModelName": "Default",
    "bootsModelPartL": "Boots L",
    "bootsModelPartR": "Boots R",
    "bootsModelTexture": "From armor",
    "helmetItemRenderType": 0,
    "helmetItemCustomModelName": "Normal",
    "bodyItemRenderType": 0,
    "bodyItemCustomModelName": "Normal",
    "leggingsItemRenderType": 0,
    "leggingsItemCustomModelName": "Normal",
    "bootsItemRenderType": 0,
    "bootsItemCustomModelName": "Normal",
    "helmetImmuneToFire": false,
    "bodyImmuneToFire": false,
    "leggingsImmuneToFire": false,
    "bootsImmuneToFire": false,
    "helmetGlowCondition": {
      "fixedValue": false
    },
    "bodyGlowCondition": {
      "fixedValue": false
    },
    "leggingsGlowCondition": {
      "fixedValue": false
    },
    "bootsGlowCondition": {
      "fixedValue": false
    },
    "helmetPiglinNeutral": {
      "fixedValue": false
    },
    "bodyPiglinNeutral": {
      "fixedValue": false
    },
    "leggingsPiglinNeutral": {
      "fixedValue": false
    },
    "bootsPiglinNeutral": {
      "fixedValue": false
    },
    "maxDamage": 25,
    "damageValueHelmet": 2,
    "damageValueBody": 7,
    "damageValueLeggings": 5,
    "damageValueBoots": 2,
    "enchantability": 8,
    "toughness": 1.5,
    "knockbackResistance": 0.08,
    "equipSound": {
      "value": ""
    },
    "repairItems": [
      {
        "value": "CUSTOM:Boulereparation"
      }
    ]
  }
}