{
  "_fv": 66,
  "_type": "recipe",
  "definition": {
    "recipeType": "Crafting",
    "recipeRetstackSize": 4,
    "group": "",
    "cookingBookCategory": "MISC",
    "xpReward": 0.0,
    "cookingTime": 200,
    "craftingBookCategory": "BUILDING",
    "recipeShapeless": false,
    "recipeSlots": [
      {
        "value": "CUSTOM:Manganesenbrut"
      },
      {
        "value": ""
      },
      {
        "value": ""
      },
      {
        "value": "CUSTOM:Manganesenbrut"
      },
      {
        "value": "CUSTOM:Manganesenbrut"
      },
      {
        "value": ""
      },
      {
        "value": "CUSTOM:Manganesenbrut"
      },
      {
        "value": "CUSTOM:Manganesenbrut"
      },
      {
        "value": "CUSTOM:Manganesenbrut"
      }
    ],
    "recipeReturnStack": {
      "value": "CUSTOM:Escaliermanganese"
    },
    "name": "escmangr",
    "namespace": "mod"
  }
}