{
  "_fv": 66,
  "_type": "achievement",
  "definition": {
    "achievementName": "Corps de titan",
    "achievementDescription": "S'équiper d'une armure en titanium",
    "achievementIcon": {
      "value": "CUSTOM:Armuretitanium.body"
    },
    "background": "Default",
    "disableDisplay": false,
    "showPopup": true,
    "announceToChat": true,
    "hideIfNotCompleted": false,
    "rewardLoot": [],
    "rewardRecipes": [],
    "rewardFunction": "No function",
    "rewardXP": 7,
    "achievementType": "task",
    "parent": {
      "value": "CUSTOM:Montreargentprog"
    },
    "triggerxml": "<?xml version=\"1.0\" encoding=\"UTF-8\" standalone=\"no\"?><xml xmlns=\"https://developers.google.com/blockly/xml\"><block deletable=\"false\" type=\"advancement_trigger\" x=\"40\" y=\"80\"><next><block type=\"custom_trigger\" x=\"51\" y=\"54\"/></next></block></xml>"
  }
}