{
  "variants": {
    "facing=east,half=bottom,shape=straight": {
      "model": "ore_pack:block/escalierbronze"
    },
    "facing=west,half=bottom,shape=straight": {
      "model": "ore_pack:block/escalierbronze",
      "y": 180,
      "uvlock": true
    },
    "facing=south,half=bottom,shape=straight": {
      "model": "ore_pack:block/escalierbronze",
      "y": 90,
      "uvlock": true
    },
    "facing=north,half=bottom,shape=straight": {
      "model": "ore_pack:block/escalierbronze",
      "y": 270,
      "uvlock": true
    },
    "facing=east,half=bottom,shape=inner_right": {
      "model": "ore_pack:block/escalierbronze_inner"
    },
    "facing=west,half=bottom,shape=inner_right": {
      "model": "ore_pack:block/escalierbronze_inner",
      "y": 180,
      "uvlock": true
    },
    "facing=south,half=bottom,shape=inner_right": {
      "model": "ore_pack:block/escalierbronze_inner",
      "y": 90,
      "uvlock": true
    },
    "facing=north,half=bottom,shape=inner_right": {
      "model": "ore_pack:block/escalierbronze_inner",
      "y": 270,
      "uvlock": true
    },
    "facing=east,half=bottom,shape=inner_left": {
      "model": "ore_pack:block/escalierbronze_inner",
      "y": 270,
      "uvlock": true
    },
    "facing=west,half=bottom,shape=inner_left": {
      "model": "ore_pack:block/escalierbronze_inner",
      "y": 90,
      "uvlock": true
    },
    "facing=south,half=bottom,shape=inner_left": {
      "model": "ore_pack:block/escalierbronze_inner"
    },
    "facing=north,half=bottom,shape=inner_left": {
      "model": "ore_pack:block/escalierbronze_inner",
      "y": 180,
      "uvlock": true
    },
    "facing=east,half=top,shape=straight": {
      "model": "ore_pack:block/escalierbronze",
      "x": 180,
      "uvlock": true
    },
    "facing=west,half=top,shape=straight": {
      "model": "ore_pack:block/escalierbronze",
      "x": 180,
      "y": 180,
      "uvlock": true
    },
    "facing=south,half=top,shape=straight": {
      "model": "ore_pack:block/escalierbronze",
      "x": 180,
      "y": 90,
      "uvlock": true
    },
    "facing=north,half=top,shape=straight": {
      "model": "ore_pack:block/escalierbronze",
      "x": 180,
      "y": 270,
      "uvlock": true
    },
    "facing=east,half=top,shape=outer_right": {
      "model": "ore_pack:block/escalierbronze_outer",
      "x": 180,
      "y": 90,
      "uvlock": true
    },
    "facing=west,half=top,shape=outer_right": {
      "model": "ore_pack:block/escalierbronze_outer",
      "x": 180,
      "y": 270,
      "uvlock": true
    },
    "facing=south,half=top,shape=outer_right": {
      "model": "ore_pack:block/escalierbronze_outer",
      "x": 180,
      "y": 180,
      "uvlock": true
    },
    "facing=north,half=top,shape=outer_right": {
      "model": "ore_pack:block/escalierbronze_outer",
      "x": 180,
      "uvlock": true
    },
    "facing=east,half=top,shape=outer_left": {
      "model": "ore_pack:block/escalierbronze_outer",
      "x": 180,
      "uvlock": true
    },
    "facing=west,half=top,shape=outer_left": {
      "model": "ore_pack:block/escalierbronze_outer",
      "x": 180,
      "y": 180,
      "uvlock": true
    },
    "facing=south,half=top,shape=outer_left": {
      "model": "ore_pack:block/escalierbronze_outer",
      "x": 180,
      "y": 90,
      "uvlock": true
    },
    "facing=north,half=top,shape=outer_left": {
      "model": "ore_pack:block/escalierbronze_outer",
      "x": 180,
      "y": 270,
      "uvlock": true
    },
    "facing=east,half=top,shape=inner_right": {
      "model": "ore_pack:block/escalierbronze_inner",
      "x": 180,
      "y": 90,
      "uvlock": true
    },
    "facing=west,half=top,shape=inner_right": {
      "model": "ore_pack:block/escalierbronze_inner",
      "x": 180,
      "y": 270,
      "uvlock": true
    },
    "facing=south,half=top,shape=inner_right": {
      "model": "ore_pack:block/escalierbronze_inner",
      "x": 180,
      "y": 180,
      "uvlock": true
    },
    "facing=north,half=top,shape=inner_right": {
      "model": "ore_pack:block/escalierbronze_inner",
      "x": 180,
      "uvlock": true
    },
    "facing=east,half=top,shape=inner_left": {
      "model": "ore_pack:block/escalierbronze_inner",
      "x": 180,
      "uvlock": true
    },
    "facing=west,half=top,shape=inner_left": {
      "model": "ore_pack:block/escalierbronze_inner",
      "x": 180,
      "y": 180,
      "uvlock": true
    },
    "facing=south,half=top,shape=inner_left": {
      "model": "ore_pack:block/escalierbronze_inner",
      "x": 180,
      "y": 90,
      "uvlock": true
    },
    "facing=north,half=top,shape=inner_left": {
      "model": "ore_pack:block/escalierbronze_inner",
      "x": 180,
      "y": 270,
      "uvlock": true
    },
    "facing=east,half=bottom,shape=outer_right": {
      "model": "ore_pack:block/escalierbronze_outer"
    },
    "facing=west,half=bottom,shape=outer_right": {
      "model": "ore_pack:block/escalierbronze_outer",
      "y": 180,
      "uvlock": true
    },
    "facing=south,half=bottom,shape=outer_right": {
      "model": "ore_pack:block/escalierbronze_outer",
      "y": 90,
      "uvlock": true
    },
    "facing=north,half=bottom,shape=outer_right": {
      "model": "ore_pack:block/escalierbronze_outer",
      "y": 270,
      "uvlock": true
    },
    "facing=east,half=bottom,shape=outer_left": {
      "model": "ore_pack:block/escalierbronze_outer",
      "y": 270,
      "uvlock": true
    },
    "facing=west,half=bottom,shape=outer_left": {
      "model": "ore_pack:block/escalierbronze_outer",
      "y": 90,
      "uvlock": true
    },
    "facing=south,half=bottom,shape=outer_left": {
      "model": "ore_pack:block/escalierbronze_outer"
    },
    "facing=north,half=bottom,shape=outer_left": {
      "model": "ore_pack:block/escalierbronze_outer",
      "y": 180,
      "uvlock": true
    }
  }
}