{
  "_fv": 73,
  "_type": "recipe",
  "definition": {
    "recipeType": "Crafting",
    "recipeRetstackSize": 1,
    "group": "",
    "cookingBookCategory": "MISC",
    "xpReward": 0.0,
    "cookingTime": 200,
    "craftingBookCategory": "EQUIPMENT",
    "recipeShapeless": false,
    "recipeSlots": [
      {
        "value": ""
      },
      {
        "value": "Items.ECHO_SHARD"
      },
      {
        "value": ""
      },
      {
        "value": "Blocks.OBSIDIAN"
      },
      {
        "value": "Items.ENDER_EYE"
      },
      {
        "value": "Blocks.OBSIDIAN"
      },
      {
        "value": "Blocks.OBSIDIAN"
      },
      {
        "value": "Items.STICK"
      },
      {
        "value": "Blocks.OBSIDIAN"
      }
    ],
    "recipeReturnStack": {
      "value": "CUSTOM:Lifeessencereclaimer"
    },
    "name": "life_essence_disclaimer",
    "namespace": "mod"
  }
}