{
  "_fv": 57,
  "_type": "achievement",
  "definition": {
    "achievementName": "Réparateur",
    "achievementDescription": "fabriquer une boule de réparation",
    "achievementIcon": {
      "value": "CUSTOM:Boulereparation"
    },
    "background": "Default",
    "disableDisplay": false,
    "showPopup": true,
    "announceToChat": true,
    "hideIfNotCompleted": false,
    "rewardLoot": [],
    "rewardRecipes": [],
    "rewardFunction": "No function",
    "rewardXP": 3,
    "achievementType": "task",
    "parent": {
      "value": "CUSTOM:Blocmanganeseprog"
    },
    "triggerxml": "<xml xmlns=\"https://developers.google.com/blockly/xml\"><block type=\"item_in_inventory\" x=\"43\" y=\"7\"><value name=\"amount_l\"><block type=\"math_number\"><field name=\"NUM\">1</field></block></value><value name=\"amount_h\"><block type=\"math_number\"><field name=\"NUM\">10000</field></block></value><value name=\"item\"><block type=\"mcitem_all\"><field name=\"value\">CUSTOM:Boulereparation</field></block></value><next><block type=\"advancement_trigger\" deletable=\"false\"></block></next></block></xml>"
  }
}