{
  "_fv": 57,
  "_type": "achievement",
  "definition": {
    "achievementName": "Combattant orange",
    "achievementDescription": "Attaquer avec une épée en bronze",
    "achievementIcon": {
      "value": "CUSTOM:Epeebronze"
    },
    "background": "Default",
    "disableDisplay": false,
    "showPopup": true,
    "announceToChat": true,
    "hideIfNotCompleted": false,
    "rewardLoot": [],
    "rewardRecipes": [],
    "rewardFunction": "No function",
    "rewardXP": 4,
    "achievementType": "task",
    "parent": {
      "value": "CUSTOM:Boulerepprog"
    },
    "triggerxml": "<xml xmlns=\"https://developers.google.com/blockly/xml\"><block type=\"custom_trigger\" x=\"41\" y=\"50\"><next><block type=\"advancement_trigger\" deletable=\"false\"></block></next></block></xml>"
  }
}