{
  "_fv": 57,
  "_type": "tool",
  "definition": {
    "toolType": "Hoe",
    "renderType": 0,
    "blockingRenderType": 0,
    "texture": "houx_nickel",
    "customModelName": "Normal",
    "blockingModelName": "Normal blocking",
    "name": "Houx de nickel",
    "specialInformation": {
      "fixedValue": []
    },
    "creativeTab": {
      "value": "TOOLS"
    },
    "harvestLevel": 1,
    "efficiency": 3.0,
    "attackSpeed": 1.0,
    "enchantability": 2,
    "damageVsEntity": 3.0,
    "usageCount": 150,
    "blocksAffected": [],
    "glowCondition": {
      "fixedValue": false
    },
    "repairItems": [],
    "immuneToFire": false,
    "stayInGridWhenCrafting": false,
    "damageOnCrafting": false
  }
}