{
  "_fv": 57,
  "_type": "achievement",
  "definition": {
    "achievementName": "Mineur agueri",
    "achievementDescription": "Trouver 20 titanium",
    "achievementIcon": {
      "value": "CUSTOM:Piochetitanium"
    },
    "background": "Default",
    "disableDisplay": false,
    "showPopup": true,
    "announceToChat": true,
    "hideIfNotCompleted": false,
    "rewardLoot": [],
    "rewardRecipes": [],
    "rewardFunction": "No function",
    "rewardXP": 10,
    "achievementType": "goal",
    "parent": {
      "value": "CUSTOM:Plastrontitaniumprog"
    },
    "triggerxml": "<xml xmlns=\"https://developers.google.com/blockly/xml\"><block type=\"custom_trigger\" x=\"36\" y=\"45\"><next><block type=\"advancement_trigger\" deletable=\"false\"></block></next></block></xml>"
  }
}