{
  "_fv": 57,
  "_type": "villagertrade",
  "definition": {
    "tradeEntries": [
      {
        "villagerProfession": {
          "value": "ARMORER"
        },
        "entries": [
          {
            "price1": {
              "value": "Items.EMERALD"
            },
            "countPrice1": 17,
            "price2": {
              "value": ""
            },
            "countPrice2": 1,
            "offer": {
              "value": "CUSTOM:Armuretitanium.body"
            },
            "countOffer": 1,
            "level": 5,
            "maxTrades": 10,
            "xp": 7,
            "priceMultiplier": 0.1
          },
          {
            "price1": {
              "value": "Items.EMERALD"
            },
            "countPrice1": 10,
            "price2": {
              "value": ""
            },
            "countPrice2": 1,
            "offer": {
              "value": "CUSTOM:Armuretitanium.helmet"
            },
            "countOffer": 1,
            "level": 3,
            "maxTrades": 10,
            "xp": 5,
            "priceMultiplier": 0.05
          },
          {
            "price1": {
              "value": "Items.EMERALD"
            },
            "countPrice1": 9,
            "price2": {
              "value": ""
            },
            "countPrice2": 1,
            "offer": {
              "value": "CUSTOM:Armuretitanium.boots"
            },
            "countOffer": 1,
            "level": 3,
            "maxTrades": 10,
            "xp": 5,
            "priceMultiplier": 0.05
          },
          {
            "price1": {
              "value": "Items.EMERALD"
            },
            "countPrice1": 14,
            "price2": {
              "value": ""
            },
            "countPrice2": 1,
            "offer": {
              "value": "CUSTOM:Armuretitanium.legs"
            },
            "countOffer": 1,
            "level": 4,
            "maxTrades": 10,
            "xp": 6,
            "priceMultiplier": 0.08
          },
          {
            "price1": {
              "value": "CUSTOM:Pepitetitanium"
            },
            "countPrice1": 2,
            "price2": {
              "value": ""
            },
            "countPrice2": 1,
            "offer": {
              "value": "Items.EMERALD"
            },
            "countOffer": 3,
            "level": 1,
            "maxTrades": 20,
            "xp": 2,
            "priceMultiplier": 0.02
          }
        ]
      }
    ]
  }
}