{
  "_fv": 57,
  "_type": "tool",
  "definition": {
    "toolType": "Pickaxe",
    "renderType": 0,
    "blockingRenderType": 0,
    "texture": "pioche_titanium",
    "customModelName": "Normal",
    "blockingModelName": "Normal blocking",
    "name": "Pioche de titanium",
    "specialInformation": {
      "fixedValue": []
    },
    "creativeTab": {
      "value": "TOOLS"
    },
    "harvestLevel": 1,
    "efficiency": 5.0,
    "attackSpeed": 1.0,
    "enchantability": 10,
    "damageVsEntity": 7.0,
    "usageCount": 300,
    "blocksAffected": [],
    "glowCondition": {
      "fixedValue": false
    },
    "repairItems": [],
    "immuneToFire": false,
    "stayInGridWhenCrafting": false,
    "damageOnCrafting": false
  }
}