{
  "_fv": 57,
  "_type": "achievement",
  "definition": {
    "achievementName": "Corps de titan",
    "achievementDescription": "S'équiper d'une armure en titanium",
    "achievementIcon": {
      "value": "CUSTOM:Armuretitanium.body"
    },
    "background": "Default",
    "disableDisplay": false,
    "showPopup": true,
    "announceToChat": true,
    "hideIfNotCompleted": false,
    "rewardLoot": [],
    "rewardRecipes": [],
    "rewardFunction": "No function",
    "rewardXP": 7,
    "achievementType": "task",
    "parent": {
      "value": "CUSTOM:Montreargentprog"
    },
    "triggerxml": "<xml xmlns=\"https://developers.google.com/blockly/xml\"><block type=\"custom_trigger\" x=\"51\" y=\"54\"><next><block type=\"advancement_trigger\" deletable=\"false\"></block></next></block></xml>"
  }
}